{
  "15.0.13": {
    "nx-prep-work": 259.5242225399986,
    "graph-creation": 205.95762499001808,
    "total for sendMessageToDaemon()": 138.8009675399866,
    "deserialize daemon response": 61.677089589964595,
    "total for sendMessageToDaemon() [1]": 1.055802479973063,
    "deserialize daemon response [1]": 0.11755749999545514,
    "total for sendMessageToDaemon() [2]": 0.7426924500055612,
    "deserialize daemon response [2]": 0.006079490035772323,
    "total for sendMessageToDaemon() [3]": 0.6811657799594104,
    "deserialize daemon response [3]": 0.006862069992348552,
    "total for sendMessageToDaemon() [4]": 0.6054558499809355,
    "deserialize daemon response [4]": 0.004729139944538474,
    "total for sendMessageToDaemon() [5]": 0.6991608000732958,
    "deserialize daemon response [5]": 0.1077075299900025,
    "total for sendMessageToDaemon() [6]": 0.5967499400302768,
    "deserialize daemon response [6]": 0.006969529986381531,
    "total for sendMessageToDaemon() [7]": 0.6853149800095707,
    "deserialize daemon response [7]": 0.008933279970660806,
    "total for sendMessageToDaemon() [8]": 0.5918942399695516,
    "deserialize daemon response [8]": 0.00360920999199152,
    "total for sendMessageToDaemon() [9]": 0.5831183800101281,
    "deserialize daemon response [9]": 0.003490470005199313,
    "commandWallTime": 371.47
  },
  "15.1.1": {
    "nx-prep-work": 250.64005749998614,
    "graph-creation": 196.91694792999886,
    "total for sendMessageToDaemon()": 136.14406205999666,
    "deserialize daemon response": 61.587757140044125,
    "total for sendMessageToDaemon() [1]": 1.001314189992845,
    "deserialize daemon response [1]": 0.10671211001463235,
    "total for sendMessageToDaemon() [2]": 0.7272599799651652,
    "deserialize daemon response [2]": 0.006180819962173701,
    "total for sendMessageToDaemon() [3]": 0.6688317199330777,
    "deserialize daemon response [3]": 0.006833319952711463,
    "total for sendMessageToDaemon() [4]": 0.6060120099503546,
    "deserialize daemon response [4]": 0.00446705998852849,
    "total for sendMessageToDaemon() [5]": 0.6923337700217962,
    "deserialize daemon response [5]": 0.10947042006067932,
    "total for sendMessageToDaemon() [6]": 0.618277069972828,
    "deserialize daemon response [6]": 0.006109610060229897,
    "total for sendMessageToDaemon() [7]": 0.6948350300081074,
    "deserialize daemon response [7]": 0.00931339000351727,
    "total for sendMessageToDaemon() [8]": 0.6002387000434101,
    "deserialize daemon response [8]": 0.003607920091599226,
    "total for sendMessageToDaemon() [9]": 0.6007470499444753,
    "deserialize daemon response [9]": 0.003477899944409728,
    "commandWallTime": 361.1
  },
  "15.2.4": {
    "nx-prep-work": 257.8757495700382,
    "graph-creation": 201.85002752006054,
    "total for sendMessageToDaemon()": 139.89575619007462,
    "deserialize daemon response": 62.42719166008756,
    "total for sendMessageToDaemon() [1]": 1.0888587099779397,
    "deserialize daemon response [1]": 0.11248246998526155,
    "total for sendMessageToDaemon() [2]": 0.7637187300156802,
    "deserialize daemon response [2]": 0.006435819966718555,
    "total for sendMessageToDaemon() [3]": 0.6694025200232864,
    "deserialize daemon response [3]": 0.007098770001903176,
    "total for sendMessageToDaemon() [4]": 0.625992900012061,
    "deserialize daemon response [4]": 0.004999129995703697,
    "total for sendMessageToDaemon() [5]": 0.7103249300457537,
    "deserialize daemon response [5]": 0.1115562299452722,
    "total for sendMessageToDaemon() [6]": 0.6191978999972343,
    "deserialize daemon response [6]": 0.0065762399975210425,
    "total for sendMessageToDaemon() [7]": 0.6978974900022149,
    "deserialize daemon response [7]": 0.00993711001239717,
    "total for sendMessageToDaemon() [8]": 0.6148866799753159,
    "deserialize daemon response [8]": 0.003622940005734563,
    "total for sendMessageToDaemon() [9]": 0.5954928899556399,
    "deserialize daemon response [9]": 0.003525810018181801,
    "commandWallTime": 371.7
  },
  "15.3.3": {
    "nx-prep-work": 289.4842879800498,
    "graph-creation": 214.98064833003096,
    "total for sendMessageToDaemon()": 144.40028333992697,
    "deserialize daemon response": 59.2494678499829,
    "total for sendMessageToDaemon() [1]": 4.684399999938905,
    "deserialize daemon response [1]": 0.13274415993131697,
    "total for sendMessageToDaemon() [2]": 1.0336012899689377,
    "deserialize daemon response [2]": 0.008876699907705187,
    "total for sendMessageToDaemon() [3]": 0.8954945299774408,
    "deserialize daemon response [3]": 0.007523329984396696,
    "total for sendMessageToDaemon() [4]": 0.9914858600124716,
    "deserialize daemon response [4]": 0.008322530034929514,
    "total for sendMessageToDaemon() [5]": 1.0257474299985916,
    "deserialize daemon response [5]": 0.1534999699704349,
    "total for sendMessageToDaemon() [6]": 0.783735450040549,
    "deserialize daemon response [6]": 0.006826660027727484,
    "total for sendMessageToDaemon() [7]": 0.9019812100101262,
    "deserialize daemon response [7]": 0.012343729995191097,
    "total for sendMessageToDaemon() [8]": 0.8457750499621034,
    "deserialize daemon response [8]": 0.005911259986460209,
    "total for sendMessageToDaemon() [9]": 0.8207762500084936,
    "deserialize daemon response [9]": 0.0052183100022375585,
    "commandWallTime": 420.8
  },
  "15.4.8": {
    "nx-prep-work": 283.26113875993525,
    "graph-creation": 208.99107374997809,
    "total for sendMessageToDaemon()": 139.08816706994548,
    "deserialize daemon response": 57.74959418000653,
    "total for sendMessageToDaemon() [1]": 1.1376458400022238,
    "deserialize daemon response [1]": 0.12227166994474828,
    "total for sendMessageToDaemon() [2]": 0.8471091299224645,
    "deserialize daemon response [2]": 0.0074004499707371,
    "total for sendMessageToDaemon() [3]": 0.7661149699613452,
    "deserialize daemon response [3]": 0.006036649979650974,
    "total for sendMessageToDaemon() [4]": 0.6756691099703311,
    "deserialize daemon response [4]": 0.006754550021141768,
    "total for sendMessageToDaemon() [5]": 0.7762041500024498,
    "deserialize daemon response [5]": 0.11517416002228856,
    "total for sendMessageToDaemon() [6]": 0.6851858000643551,
    "deserialize daemon response [6]": 0.006210420029237867,
    "total for sendMessageToDaemon() [7]": 0.7626766599249095,
    "deserialize daemon response [7]": 0.011423719972372055,
    "total for sendMessageToDaemon() [8]": 0.6581037099380046,
    "deserialize daemon response [8]": 0.004448269959539175,
    "total for sendMessageToDaemon() [9]": 0.6526471399143339,
    "deserialize daemon response [9]": 0.004767529983073473,
    "commandWallTime": 405.4
  },
  "15.5.3": {
    "nx-prep-work": 305.084503800096,
    "graph-creation": 231.30952418000436,
    "total for sendMessageToDaemon()": 162.14443662998266,
    "deserialize daemon response": 57.80212627997622,
    "total for sendMessageToDaemon() [1]": 1.1691262400057167,
    "deserialize daemon response [1]": 0.11660377007909119,
    "total for sendMessageToDaemon() [2]": 0.7988332999963313,
    "deserialize daemon response [2]": 0.007241709921509028,
    "total for sendMessageToDaemon() [3]": 0.7039533399883657,
    "deserialize daemon response [3]": 0.006006579948589206,
    "total for sendMessageToDaemon() [4]": 0.6687891200557351,
    "deserialize daemon response [4]": 0.006073770057410002,
    "total for sendMessageToDaemon() [5]": 0.7669420699775219,
    "deserialize daemon response [5]": 0.11348037001676857,
    "total for sendMessageToDaemon() [6]": 0.6785633000358939,
    "deserialize daemon response [6]": 0.005288770031183958,
    "total for sendMessageToDaemon() [7]": 0.7802466400247067,
    "deserialize daemon response [7]": 0.010773380026221276,
    "total for sendMessageToDaemon() [8]": 0.6709429299551993,
    "deserialize daemon response [8]": 0.00494089001789689,